date_range,title,url
06/03/2024 - 30/04/2024,"Tiết kiệm 20.000đ thanh toán Điện, Nước qua VNPT Money",https://vnptpay.vn/web/khuyenmai/diennuoc0324
01/03/2024 - 31/03/2024,KHUYẾN CÁO PHÒNG TRÁNH LỪA ĐẢO TRONG GIAO DỊCH ĐIỆN TỬ,https://vnptpay.vn/web/khuyenmai/khuyencaogd
08/03/2024 - 31/05/2024,ƯU ĐÃI 20.000Đ THANH TOÁN HỌC PHÍ QUA VNPT MONEY,https://vnptpay.vn/web/khuyenmai/uudaihocphi20K
04/03/2024 - 08/03/2024,Bamboo - Ưu đãi mừng ngày Quốc tế phụ nữ 8/3,https://vnptpay.vn/web/khuyenmai/bamboo0803
01/03/2024 - 31/05/2024,Ưu đãi cực khủng - Quét bay Hóa đơn,https://vnptpay.vn/web/khuyenmai/hoadonvnpt05
01/02/2024 - 29/02/2024,Tạo QR Lì xì bằng công nghệ AI –  Tạo “Một tôi mới ting” cùng VNPT Money,https://vnptpay.vn/web/khuyenmai/lixiaituenhantao
01/03/2024,Siêu Tích Luỹ - Điều chỉnh lợi nhuận tháng 03/2024,https://vnptpay.vn/web/khuyenmai/sieutichluydc0324
01/03/2024 - 31/03/2024,"QUÀ TẶNG BẠN MỚI – LỢI NHUẬN TỚI 6,8",https://vnptpay.vn/web/khuyenmai/sieutichluy0324
01/03/2024 - 31/03/2024,LỢI ÍCH KÉP: NẠP DẾ VỪA CHIẾT KHẤU VỪA SINH LỜI,https://vnptpay.vn/web/khuyenmai/tichluynapdienthoai
01/02/2024 - 29/02/2024,QUÀ TẶNG BẠN MỚI – LỢI NHUẬN TỚI 8%,https://vnptpay.vn/web/khuyenmai/sieutichluy0224
24/01/2024 - 29/02/2024,"Đón Tết Giáp Thìn, hóa thân Rồng Du Ký, săn tiền tỷ cùng VNPT Money",https://vnptpay.vn/web/khuyenmai/rongdukysantienty
25/01/2024 - 24/02/2024,VIETJET MANG HƯƠNG SẮC TẾT VỀ NHÀ,https://vnptpay.vn/web/khuyenmai/vietjetmaidao
26/01/2024 - 29/02/2024,"Tết hay đi, đã có VNPT Money",https://vnptpay.vn/web/khuyenmai/uudaitet
09/01/2024,SIÊU TÍCH LŨY ĐIỀU CHỈNH LỢI NHUẬN ,https://vnptpay.vn/web/khuyenmai/sieutichluydieuchinh2
10/01/2024 - 31/01/2024,QUÀ TẶNG BẠN MỚI – LỢI NHUẬN TỚI 8%,https://vnptpay.vn/web/khuyenmai/sieutichluy8
01/01/2024 - 29/02/2024,Tặng 10.000đ nạp điện thoại VinaPhone,https://vnptpay.vn/web/khuyenmai/napdt10k
21/12/2023 - 21/01/2024,Điểm danh 5 giây – Nhận ngay quà khủng,https://vnptpay.vn/web/khuyenmai/diemdanh5s
20/12/2023 - 29/02/2024,THANH TOÁN RẢNH TAY NHẬN NGAY ƯU ĐÃI ĐIỆN - NƯỚC TRÊN VNPT MONEY,https://vnptpay.vn/web/khuyenmai/autopayDN
22/12/2023 - 09/02/2024,VNPT Money và Truyền hình MyTV tung khuyến mại khủng cuối năm: Tặng gói đặc sắc HBO GO dùng thử 30 ngày,https://vnptpay.vn/web/khuyenmai/hbo30ngay
22/12/2023 - 31/12/2023,"BAY QUỐC TẾ, ƯU ĐÃI CỰC MÊ TỪ VIETJET AIR: GIẢM ĐẾN 15% TRÊN VNPT MONEY",https://vnptpay.vn/web/khuyenmai/vietjettet
18/12/2023 - 28/02/2024,BAY TẾT CÙNG BAMBOO VỚI GIÁ CHỈ TỪ 19.000Đ,https://vnptpay.vn/web/khuyenmai/bambootet
04/01/2024 - 29/02/2024,TẾT RỒNG DU KÝ SĂN TIỀN TỶ CÙNG VNPT MONEY,https://km.vnptmoney.vn/Tet2024
10/11/2023 - 29/02/2024,Ưu đãi cực khủng - Quét bay Hóa đơn,https://vnptpay.vn/web/khuyenmai/hoadon0224
25/12/2023 - 29/02/2024,Siêu bão Vàng – Ngàn may mắn với kho giải thưởng gần 7 tỷ đồng từ VinaPhone,https://vnptpay.vn/web/khuyenmai/vinaphonesieubaovang
15/12/2023 - 09/04/2024,VNPT Money và MyTV TẶNG 100K - Thả ga HBO GO 3 tháng,https://vnptpay.vn/web/khuyenmai/hbogo
01/12/2023 - 31/12/2023,THÁNG 12 - ƯU ĐÃI NGẬP TRÀN LÊN TỚI 500.000đ TRÊN VNPT MONEY,https://vnptpay.vn/web/khuyenmai/tonghopkm12
01/03/2024 - 31/03/2024,Khuyến mại cực hot: Giảm 50% gói cước Ứng dụng MyTV trong tháng 3,https://vnptpay.vn/web/khuyenmai/mytv122023
07/12/2023 - 26/12/2023,Tặng 300K mua vé máy bay qua VNPT Money,https://vnptpay.vn/web/khuyenmai/vmb300k
01/12/2023 - 31/12/2023,QUÀ TẶNG BẠN MỚI – NHÂN ĐÔI LỢI NHUẬN,https://vnptpay.vn/web/khuyenmai/sieutichluy12
10/11/2023 - 31/12/2023,Ưu đãi cực khủng - Quét bay Hóa đơn,https://vnptpay.vn/web/khuyenmai/hoadonthang11
07/11/2023 - 30/11/2023,GIẢM 50% GÓI CƯỚC ỨNG DỤNG MYTV TRONG THÁNG 11,https://vnptpay.vn/web/khuyenmai/mytv_11
01/11/2023 - 30/11/2023,KHÁM PHÁ CHÙM ƯU ĐÃI KHỦNG TRỊ GIÁ TỚI 700k++ TRÊN VNPT MONEY,https://vnptpay.vn/web/khuyenmai/uudaithang11
06/11/2023 - 31/12/2023,HƯỚNG DẪN THANH TOÁN HÓA ĐƠN VNPT QUA VIETQR,https://vnptpay.vn/web/khuyenmai/hdvnptvietqr
15/11/2023 - 30/11/2023,QUÀ TẶNG BẠN MỚI – NHÂN ĐÔI LỢI NHUẬN,https://vnptpay.vn/web/khuyenmai/sieutichluy11
10/11/2023 - 30/11/2023,Giảm tới 600.000đ mua Vé máy bay trên VNPT Money,https://vnptpay.vn/web/khuyenmai/maybay600k
01/12/2023,SIÊU TÍCH LŨY - ĐIỀU CHỈNH LỢI NHUẬN,https://vnptpay.vn/web/khuyenmai/sieutichluyloinhuan
10/11/2023 - 30/11/2023,Đăng ký vay ngay - Trao tay tới 20 triệu ,https://vnptpay.vn/web/khuyenmai/shb20trieu
12/11/2023 - 22/11/2023,GIẢM TỚI 15% VÉ QUỐC TẾ VIETJET – DUY NHẤT TRÊN VNPT MONEY,https://vnptpay.vn/web/khuyenmai/vietjet1123
06/11/2023 - 31/12/2023,THẤU CHI TỨC THÌ – HOÀN TIỀN HẾT Ý,https://vnptpay.vn/web/khuyenmai/hdbank1123
03/11/2023 - 31/12/2023,Tặng 10.000đ nạp điện thoại VinaPhone,https://vnptpay.vn/web/khuyenmai/vina10k
01/11/2023 - 15/12/2023,TIẾT KIỆM LIỀN TAY - NHẬN NGAY LÃI SUẤT ƯU ĐÃI,https://vnptpay.vn/web/khuyenmai/conglaisuat
01/11/2023 - 30/11/2023,GỬI TIẾT KIỆM ONLINE CHỈ TỪ 100.000Đ - NHẬN NGAY LÃI SUẤT KHỦNG TRÊN VNPT MONEY,https://vnptpay.vn/web/khuyenmai/tietkiem_online
27/10/2023 - 20/12/2023,"Tiết kiệm 20.000đ thanh toán Điện, Nước qua VNPT Money",https://vnptpay.vn/web/khuyenmai/diennuoc20k
10/10/2023 - 31/10/2023,VNPT MONEY BỔ SUNG HÌNH THỨC QUÉT MÃ VIETQR KHI THANH TOÁN HỌC PHÍ VNEDU VÀ CÁC DỊCH VỤ HÀNH CHÍNH CÔNG,https://vnptpay.vn/web/khuyenmai/vietqr_edu_hcc
01/10/2023 - 31/10/2023,THÁNG 10 RỰC RỠ VỚI COMBO ƯU ĐÃI KHỦNG TỪ VNPT MONEY,https://vnptpay.vn/web/khuyenmai/tonghop_km10
20/09/2023 - 30/09/2023,QUÀ TẶNG BẠN MỚI – NHÂN ĐÔI LỢI NHUẬN,https://vnptpay.vn/web/khuyenmai/sieutichluy3009
06/10/2023 - 30/11/2023,"Hoàn 30.000đ nạp tài khoản VETC, ePass qua VNPT Money",https://vnptpay.vn/web/khuyenmai/napphi102023
01/10/2023 - 31/10/2023,QUÀ TẶNG BẠN MỚI – NHÂN ĐÔI LỢI NHUẬN,https://vnptpay.vn/web/khuyenmai/sieutichluy3110
06/10/2023 - 28/10/2023,GIẢM 50% GÓI CƯỚC ỨNG DỤNG MYTV TRONG THÁNG 10,https://vnptpay.vn/web/khuyenmai/mytv50
13/09/2023 - 24/09/2023,CÓ HẸN VỚI MÙA THU CÙNG BAMBOO AIRWAYS,https://vnptpay.vn/web/khuyenmai/bamboo1509
13/09/2023,"VNPTMONEY CẢNH BÁO HÀNH VI ĐÁNH BẠC, CÁ ĐỘ QUA VÍ ĐIỆN TỬ",https://vnptpay.vn/web/khuyenmai/canhbao
11/09/2023 - 11/10/2023,TÍCH LŨY NGAY - QUÀ VỀ TAY,https://vnptpay.vn/web/khuyenmai/tichluy0923
05/09/2023 - 30/09/2023,VNPT MONEY BÙNG NỔ ƯU ĐÃI TRÊN LAZADA THÁNG 9,https://vnptpay.vn/web/khuyenmai/lazada0923
06/09/2023 - 31/10/2023,TẶNG 20.000Đ HÓA ĐƠN VNPT,https://vnptpay.vn/web/khuyenmai/hoadonvnpt20k
06/09/2023 - 31/10/2023,ƯU ĐÃI CỰC KHỦNG - QUÉT BAY HÓA ĐƠN,https://vnptpay.vn/web/khuyenmai/hoadont9
05/09/2023 - 30/09/2023,NHIỀU TIỆN ÍCH KHI THANH TOÁN HỌC PHÍ QUA VNPT MONEY,https://vnptpay.vn/web/khuyenmai/namhocmoi
01/09/2023 - 31/10/2023,TẶNG 10.000Đ NẠP ĐIỆN THOẠI VINAPHONE ,https://vnptpay.vn/web/khuyenmai/napvina10K
28/08/2023 - 30/09/2023,THANH TOÁN HỌC PHÍ BMC NHANH VÀ TIỆN VỚI VNPT MONEY,https://vnptpay.vn/web/khuyenmai/bmc
22/08/2023 - 25/09/2023,BAMBOO AIRWAYS GIẢM TỚI 50% HẠNG BUSINESS,https://vnptpay.vn/web/khuyenmai/bamboothuongia
25/08/2023 - 30/11/2023,Ưu đãi 20.000đ thanh toán học phí qua VNPT Money,https://vnptpay.vn/web/khuyenmai/hocphi20k
18/08/2023 - 30/09/2023,BAY QUỐC TẾ CÙNG VNPT MONEY,https://vnptpay.vn/web/khuyenmai/vietjet_quocte
18/08/2023 - 30/09/2023,"""Sinh nhật vui - Khui quà khủng"" - Hàng nghìn phần quà hấp dẫn được tặng vào tài khoản VNPT Money",https://vnptpay.vn/web/khuyenmai/mytv_sn
16/08/2023 - 18/08/2023,VUI SINH NHẬT CÙNG BAMBOO AIRWAYS,https://vnptpay.vn/web/khuyenmai/SNBAV
07/08/2023 - 31/10/2023,THỂ LỆ CHƯƠNG TRÌNH “THẤU CHI TỨC THÌ – HOÀN TIỀN HẾT Ý,https://vnptpay.vn/web/khuyenmai/CTKMHDB
28/07/2023 - 28/07/2023,Giờ Vàng mua Vé máy bay trên VNPT Money,https://vnptpay.vn/web/khuyenmai/HOANTIEN
28/07/2023 - 15/08/2023,"Nộp phí xét tuyển đại học, cao đẳng tiện lợi bằng Viet QR với VNPT Money",https://vnptpay.vn/web/khuyenmai/DVC2023
01/08/2023 - 15/08/2023,THANH TOÁN KHÓ – CÓ VAY THẤU CHI LO,https://vnptpay.vn/web/khuyenmai/VayTC
01/07/2023 - 31/12/2023,THỂ LỆ CHƯƠNG TRÌNH “HAPPY HOURS”,https://vnptpay.vn/web/khuyenmai/VNAHPH
01/08/2023 - 30/11/2023,Mở VNPT Money – Tặng 3 voucher khuyến mại,https://vnptpay.vn/web/khuyenmai/MOMOI45K
20/07/2023 - 05/08/2023, VI VU BAMBOO – BAY VÔ TƯ,https://vnptpay.vn/web/khuyenmai/BAVVIVU
20/07/2023 - 20/08/2023,Nạp điện thoại - Hoàn tiền tới 1%,https://vnptpay.vn/web/khuyenmai/TopUp_HoanTien2023
15/06/2023,THÊM PHƯƠNG THỨC THANH TOÁN HÓA ĐƠN ĐIỆN CHO KHÁCH HÀNG CỦA VNPT MONEY,https://vnptpay.vn/web/khuyenmai/thequocte_062023
01/07/2023 - 10/07/2023,VI VU HÈ CÙNG VIETJET AIR: GIẢM ĐẾN 15% TRÊN VNPT MONEY,https://vnptpay.vn/web/khuyenmai/VIETJET_072023
01/05/2023 - 31/05/2023,Ưu đãi mua khoá học ELSA qua VNPT Money,https://vnptpay.vn/web/khuyenmai/ELSA_052023
04/05/2023 - 18/05/2023,THỂ LỆ CHƯƠNG TRÌNH “CHILL NGÀY HÈ – BAY SIÊU DỄ”,https://vnptpay.vn/web/khuyenmai/BambooChillhe
04/05/2023 - 10/05/2023,THỂ LỆ CHƯƠNG TRÌNH “ƯU ĐÃI ĐƯỜNG BAY HÀ NỘI – HỒ CHÍ MINH”,https://vnptpay.vn/web/khuyenmai/BambooHNHCM
22/03/2023,SĂN VÉ GIỜ VÀNG - HÀNG NGÀN ƯU ĐÃI,https://vnptpay.vn/web/khuyenmai/vmb_phidv
01/05/2023 - 15/05/2023,"SIÊU TÍCH LUỸ MỚI, TẶNG QUÀ TỚI 30K",https://vnptpay.vn/web/khuyenmai/sieutichluy
10/04/2023 - 23/04/2023,BAY LỄ CHÀO HÈ – NGẬP TRÀN ƯU ĐÃI,https://vnptpay.vn/web/khuyenmai/bamboochaohe
12/04/2023 - 31/08/2023,Tặng 10.000đ nạp điện thoại VinaPhone,https://vnptpay.vn/web/khuyenmai/topup_042023
03/04/2023 - 09/04/2023,THỂ LỆ CHƯƠNG TRÌNH “KÍCH BÁN GIAI ĐOẠN BAY LỄ 30/4 - 1/5,https://vnptpay.vn/web/khuyenmai/bamboogiam10
01/04/2023 - 31/07/2023,CÁC BƯỚC ĐỂ NHẬN VOUCHER 45K TỪ CHƯƠNG TRÌNH  “MỞ NHANH TAY – QUÀ HAY NHẬN TRỌN”,https://vnptpay.vn/web/khuyenmai/HDmomoi
03/04/2023 - 09/04/2023,THỂ LỆ CHƯƠNG TRÌNH “BAY LỄ CHÀO HÈ”,https://vnptpay.vn/web/khuyenmai/bamboo_042023
14/04/2023 - 30/06/2023,Chơi game mê say hoàn ngay tới 50% qua VNPT Money,https://vnptpay.vn/web/khuyenmai/Game_042023
01/04/2023,Mua sắm tiết kiệm - Trải nghiệm dễ dàng với Tiki trên VNPT Money,https://vnptpay.vn/web/khuyenmai/Tiki_042023
03/04/2023 - 31/05/2023,VNPT MONEY x LAZADA: NGỒI MÁT MỞ APP SĂN VOUCHER 50%,https://vnptpay.vn/web/khuyenmai/lazada_042023
01/07/2023 - 31/03/2024,Khuyến khích nhân viên mời khách hàng thanh toán hóa đơn VNPT qua VNPT Money,https://vnptpay.vn/web/khuyenmai/ctkk_042023
01/04/2023 - 31/07/2023,Mở VNPT Money – Tặng 3 voucher khuyến mại,https://vnptpay.vn/web/khuyenmai/momoi_032023
28/03/2023 - 02/04/2023,THỂ LỆ CHƯƠNG TRÌNH “CHÀO HÈ 2023”,https://vnptpay.vn/web/khuyenmai/bamboo_chaohe
28/03/2023 - 31/03/2023,THỂ LỆ CHƯƠNG TRÌNH “BAY PHẢN LỰC THẲNG TỚI CÀ MAU”,https://vnptpay.vn/web/khuyenmai/bamboo_camau
21/03/2023,Thêm tiện ích cho khách hàng VNPT Money khi thanh toán học phí vnEdu,https://vnptpay.vn/web/khuyenmai/vibhocphi
22/03/2023 - 26/03/2023,VI VU HÈ – SĂN ƯU ĐÃI 5% VIETJET AIR DUY NHẤT TRÊN VNPT MONEY,https://vnptpay.vn/web/khuyenmai/VJ_032023
14/02/2023,"CÔNG BỐ KẾT QUẢ CHƯƠNG TRÌNH ""CHẠM VNPT MONEY MANG TẾT VỀ""",https://vnptpay.vn/web/khuyenmai/congbogameTet2023
06/03/2023 - 08/03/2023,VNPT MONEY x BAMBOO: MỪNG NGÀY PHÁI ĐẸP - GỬI LỜI YÊU THƯƠNG,https://vnptpay.vn/web/khuyenmai/bamboo_08032023
03/03/2023 - 31/03/2023,SĂN VÉ GIỜ VÀNG - GIẢM NGAY 10%,https://vnptpay.vn/web/khuyenmai/vnathu6
01/03/2023 - 31/03/2023,MỞ VNPT MONEY LÀ CÓ QUÀ - NHẬN COMBO ƯU ĐÃI 200K++,https://vnptpay.vn/web/khuyenmai/combot3
01/03/2023 - 13/03/2023,VNPT MONEY TUNG ƯU ĐÃI ĐỘC QUYỀN GIẢM TỚI 50% KHI MUA HÀNG TRÊN LAZADA,https://vnptpay.vn/web/khuyenmai/lazada_032023
15/02/2023 - 31/12/2023,BAY VIETNAM AIRLINES CHỈ TỪ 109K,https://vnptpay.vn/web/khuyenmai/vmb_chitu109k
15/02/2023 - 31/12/2023,THỂ LỆ CHƯƠNG TRÌNH “FAMILY FARE”,https://vnptpay.vn/web/khuyenmai/vmb_familyfare
18/02/2023 - 31/12/2023,THỂ LỆ CHƯƠNG TRÌNH “WEEKEND SALES START”,https://vnptpay.vn/web/khuyenmai/vmb_weekend
15/02/2023 - 31/12/2023,THỂ LỆ CHƯƠNG TRÌNH “THỨ 5 RỰC RỠ”,https://vnptpay.vn/web/khuyenmai/vmb_thu5
24/02/2023 - 30/04/2023,Thanh toán viện phí tiết kiệm hơn với VNPT Money,https://vnptpay.vn/web/khuyenmai/BV_Q12023
22/02/2023,NẠP THẺ GAME GARENA - CHỌN NGAY VNPT MONEY,https://vnptpay.vn/web/khuyenmai/garena
10/02/2023 - 14/02/2023,BAY ĐÔI ƯU ĐÃI CẶP - GIẢM 10% KHI ĐẶT VÉ BAMBOO,https://vnptpay.vn/web/khuyenmai/bamboo_022023
31/01/2023,"	Đón thần tài cùng VNPT Money: Tưng bừng năm mới với ngàn phần quà lộc phát tổng giá trị 1,5 tỷ đồng",https://vnptpay.vn/web/khuyenmai/vnptmoneydonthantai2023
13/01/2023,TRẢI NGHIỆM LÌ XÌ TẾT QUÝ MÃO 2023 TRÊN VNPT MONEY,https://vnptpay.vn/web/khuyenmai/lixi2023
13/01/2023 - 12/02/2023,CHẠM VNPT MONEY MANG TẾT VỀ,https://km.vnptmoney.vn/TET2023
07/01/2023 - 28/02/2023,Bạn là ai khi nạp điện thoại,https://vnptpay.vn/web/khuyenmai/banlaai_012023
04/01/2023 - 20/01/2023,TẾT 2023 BUNG XÕA VỚI LAZADA - TỔNG GIÁ TRỊ QUÀ TẶNG LÊN ĐẾN 200 TRIỆU,https://vnptpay.vn/web/khuyenmai/LazadaKM_012023
06/01/2023 - 31/03/2023,Ưu đãi tới 50% mua gói cước MyTV qua VNPT Money,https://vnptpay.vn/web/khuyenmai/mytv_122022
07/01/2023 - 31/03/2023,Mở VNPT Money - Nhận quà như ý,https://vnptpay.vn/web/khuyenmai/momoi_012023
22/12/2022,CHƠI MÊ SAY - NẠP LIỀN TAY QUA VNPT MONEY,https://vnptpay.vn/web/khuyenmai/VNG
01/12/2022 - 31/12/2022,Thêm tiền sắm Tết - Xua hết âu lo,https://vnptpay.vn/web/khuyenmai/SHB_122022
15/08/2022 - 05/02/2023,COMBO ƯU ĐÃI VÉ MÁY BAY LÊN TỚI 4 TRIỆU ĐỒNG,https://vnptpay.vn/web/khuyenmai/combovmb
16/12/2022 - 31/01/2023,NẠP ĐIỆN THOẠI TỰ ĐỘNG HOÀN TỚI 15K,https://vnptpay.vn/web/khuyenmai/autopay_122022
05/12/2022 - 31/12/2022,VNPT MONEY x LAZADA: KHUYẾN MÃI KHỦNG - MỪNG CUỐI NĂM,https://vnptpay.vn/web/khuyenmai/LazadaKM_122022
01/12/2022 - 20/12/2022,Mở và liên kết tài khoản Sacombank với VNPT Money - Nhận ngay 50.000đ,https://vnptpay.vn/web/khuyenmai/scb_122022
09/12/2022 - 31/01/2023,"Ưu đãi 20% nạp tài khoản VETC, ePass trên VNPT Money",https://vnptpay.vn/web/khuyenmai/vetc
02/12/2022 - 22/12/2022,Tặng 100.000đ tiêu dùng trên VNPT Money,https://vnptpay.vn/web/khuyenmai/vc100k_112022
28/11/2022 - 04/12/2022,BAY BAMBOO - GIẢM TỚI 20%,https://vnptpay.vn/web/khuyenmai/bamboo_112022
20/11/2022 - 31/01/2023,Tặng 200.000đ mua vé máy bay trên VNPT Money,https://vnptpay.vn/web/khuyenmai/vmb_112022
01/12/2022 - 31/12/2022,COMBO ƯU ĐÃI 2 TRIỆU++ TỪ VNPT MONEY: THANH TOÁN KHỎE RE - HÓA ĐƠN SIÊU RẺ,https://vnptpay.vn/web/khuyenmai/combo2M
11/11/2022 - 27/12/2022,Nộp học liền tay – Hoàn ngay 20.000đ,https://vnptpay.vn/web/khuyenmai/hocphi_112022
07/11/2022 - 30/11/2022,VNPT MONEY x LAZADA: ƯU ĐÃI ĐỘC QUYỀN GIẢM TỚI 50%,https://vnptpay.vn/web/khuyenmai/LazadaKM_112022
04/11/2022 - 31/01/2023,Tặng 50.000đ khi nạp tiền Mobile Money tại Điểm F88,https://vnptpay.vn/web/khuyenmai/f88_112022
01/11/2022 - 30/11/2022,Mua sắm thả ga - Không lo kẹt ví,https://vnptpay.vn/web/khuyenmai/SHB_112022
15/10/2022 - 30/10/2022,Bay cùng VNPT Money – Nhận quà Tết,https://vnptpay.vn/web/khuyenmai/vmb_102022
21/10/2022 - 31/12/2022,Mời bạn mới ngay – Nhận quà liền tay với VNPT Money,https://vnptpay.vn/web/khuyenmai/moimovi
18/10/2022 - 31/12/2022,BẠN LÀ AI KHI NẠP ĐIỆN THOẠI,https://vnptpay.vn/web/khuyenmai/banlaai
17/10/2022 - 30/10/2022,Bay Vietjet - Nhận quà Tết,https://vnptpay.vn/web/khuyenmai/vietjet50k_102022
20/10/2022 - 15/12/2022,Tặng 30.000đ thanh toán hoá đơn VNPT,https://vnptpay.vn/web/khuyenmai/HD_102022
09/10/2022 - 31/10/2022,Cùng VNPT Money đi chợ trên Sendo Farm,https://vnptpay.vn/web/khuyenmai/SendoFarm
12/10/2022 - 31/10/2022,Mua quà tặng nàng – Hoàn tiền dễ dàng,https://vnptpay.vn/web/khuyenmai/SHB_102022
08/10/2022 - 31/10/2022,[10.10] MỪNG NGÀY SÓNG ĐÔI - TUNG QUÀ GẤP BỘI,https://vnptpay.vn/web/khuyenmai/LazadaKM_102022
01/10/2022 - 10/10/2022,TẶNG 30 NGÀY TRẢI NGHIỆM HBOGO TRÊN MYTV,https://vnptpay.vn/web/khuyenmai/MyTV_HBOGO
01/10/2022 - 30/10/2022,GIẢM 50% GÓI CƯỚC MYTV,https://vnptpay.vn/web/khuyenmai/MyTV50
07/10/2022 - 25/12/2022,HƯỞNG ỨNG NGÀY CHUYỂN ĐỔI SỐ QUỐC GIA: Mở VNPT Money - Nhận quà như ý,https://vnptpay.vn/web/khuyenmai/newuser_092022
30/09/2022,HƯỚNG DẪN CHUYỂN - NHẬN TIỀN QUA VIETQR VỚI VNPT MONEY,https://vnptpay.vn/web/khuyenmai/VietQR_HD
16/09/2022 - 15/10/2022,“AN TÂM MUA VÉ TẾT” CỦA BAMBOO,https://vnptpay.vn/web/khuyenmai/bamboo_092022
01/09/2022 - 30/11/2022,Giảm tới 47% khoá học ELSA trên VNPT Money,https://vnptpay.vn/web/khuyenmai/elsa_092022
21/10/2022 - 30/11/2022,Thanh toán QR nhận ngay quà,https://vnptpay.vn/web/khuyenmai/QR_092022
15/09/2022 - 20/12/2022,BAY THƯƠNG GIA - GIẢM NỬA GIÁ TRÊN VNPT MONEY,https://vnptpay.vn/web/khuyenmai/vietjet_092022
15/09/2022,Xổ số quay nhanh trên điện thoại Bingo18 đã có trên ứng dụng VNPT Money ,https://vnptpay.vn/web/khuyenmai/bingo18
05/09/2022,VNPT Money giải pháp thanh toán học phí nhiều tiện ích trên vnEdu Connect,https://vnptpay.vn/web/khuyenmai/vnedu
06/09/2022,Hướng dẫn liên kết và thanh toán qua VNPT Money trên Lazada,https://vnptpay.vn/web/khuyenmai/lazadaHD
09/09/2022 - 30/11/2022,VNPT Money & Lazada: Mừng ngày sóng đôi - Tung quà gấp bội,https://vnptpay.vn/web/khuyenmai/LazadaKM_092022
18/08/2022 - 30/11/2022,COMBO ƯU ĐÃI LÊN TỚI 4 TRIỆU TỪ BAMBOO,https://vnptpay.vn/web/khuyenmai/comboBamboo
24/08/2022,Cách nộp phí xét tuyển ĐH – CĐ 2022 trực tuyến qua VNPT Money,https://vnptpay.vn/web/khuyenmai/phixettuyenĐH
18/08/2022 - 06/09/2022,Chào mừng Quốc khánh 2-9 - Bamboo giảm 29% cho nhóm 02 khách trở lên,https://vnptpay.vn/web/khuyenmai/Bamboo29
25/07/2022 - 31/08/2022,Gom chung thắng lớn cùng Bamboo,https://vnptpay.vn/web/khuyenmai/bamboo_082022
18/08/2022 - 30/09/2022,Vay liền - Được tiền 200.000đ,https://vnptpay.vn/web/khuyenmai/SHBFC_082022
10/08/2022 - 18/08/2022,Bay sinh nhật - Nhận quà tri ân,https://vnptpay.vn/web/khuyenmai/Bamboo_082022
12/08/2022 - 30/09/2022,Nộp học liền tay – Hoàn ngay 20.000đ,https://vnptpay.vn/web/khuyenmai/hocphi_082022
19/08/2022 - 19/09/2022,Mua xăng tiết kiệm với VNPT Money,https://vnptpay.vn/web/khuyenmai/PVOil_072022
05/08/2022 - 30/09/2022,Tặng 50.000đ khi nạp tiền Mobile Money tại Điểm F88,https://vnptpay.vn/web/khuyenmai/F88_072022
29/09/2022 - 31/12/2022,"Giới thiệu hăng say, nhận ngay quà khủng",https://vnptpay.vn/web/khuyenmai/Vietlott_062022
13/07/2022,"VNPT Money cung cấp dịch vụ Nạp, rút tiền mặt từ Mobile Money tại hơn 700 điểm kinh doanh F88 ",https://vnptpay.vn/web/khuyenmai/F88
13/07/2022 - 07/08/2022,"Bay Vietjet, giảm tới 20%",https://vnptpay.vn/web/khuyenmai/VMB_072022
20/06/2022 - 31/12/2022,TẶNG NGAY KHÓA HỌC 3 THÁNG KHI MUA KHÓA HỌC MONKEY TỪ 1 NĂM,https://vnptpay.vn/web/khuyenmai/Monkney_062022
10/07/2022 - 10/08/2022,Tặng 12.000đ nạp điện thoại VinaPhone,https://vnptpay.vn/web/khuyenmai/topup_072022
10/07/2022 - 31/08/2022,Nhận ngay 50.000đ thanh toán qua Ví VNPT Pay,https://vnptpay.vn/web/khuyenmai/50K_VNPTPay
10/07/2022 - 30/09/2022,Tặng 30.000đ thanh toán hoá đơn VNPT,https://vnptpay.vn/web/khuyenmai/Hoadon_Q3
08/07/2022,Nhận tiền kiều hối qua VNPT Money: Khi khoảng cách được rút ngắn,https://vnptpay.vn/web/khuyenmai/SacomBank-SBR
20/06/2022 - 30/08/2022,GIẢM 50% HOẶC TẶNG THÊM 1 THÁNG SỬ DỤNG GÓI ELSA PRO,https://vnptpay.vn/web/khuyenmai/Elsa_062022
20/06/2022,ỨNG LƯƠNG VỚI VNPT MONEY - DỄ NHƯ ĂN CAKE ,https://vnptpay.vn/web/khuyenmai/UngLuong
15/06/2022,MUỐN TIỆN MUỐN NHANH - VAY NGAY VỚI EASY CREDIT,https://vnptpay.vn/web/khuyenmai/EasyCredit
20/05/2022 - 15/08/2022,Bảo Hiểm Nhanh – Trúng Quà Chất,https://vnptpay.vn/web/khuyenmai/VBI_062022
02/06/2022 - 30/06/2022,Bay Thương gia – Giảm giá sốc,https://vnptpay.vn/web/khuyenmai/Bamboo_062022
01/06/2022 - 31/08/2022,Tặng 3 tháng nạp điện thoại VinaPhone,https://vnptpay.vn/web/khuyenmai/topup_062022
15/06/2022 - 15/08/2022,"Điện, Nước đầy đủ thoải mái vi vu",https://vnptpay.vn/web/khuyenmai/diennuoc_062022
10/06/2022 - 12/08/2022,Ngày vàng thứ 6 - Ưu đãi tới 54% Nạp điện thoại VinaPhone,https://vnptpay.vn/web/khuyenmai/NV_062022
18/05/2022 - 16/06/2022,Mua vé máy bay Bamboo - Giảm tới 10%,https://vnptpay.vn/web/khuyenmai/Bamboo_052022
16/05/2022 - 22/07/2022,VAY CÓ LIỀN - HOÀN TIỀN TỚI 200.000Đ,https://vnptpay.vn/web/khuyenmai/SHB_052022
15/05/2022 - 15/06/2022,GIẢM NGAY 164.000Đ CHO CÁC GÓI ELSA PRO ,https://vnptpay.vn/web/khuyenmai/Elsa164_052022
15/05/2022 - 15/06/2022,GIẢM 50% GÓI ELSA PRO TRỌN ĐỜI ,https://vnptpay.vn/web/khuyenmai/Elsa50_052022
02/05/2022 - 31/05/2022,SEA GAMES THẢ GA - GIẢM NỬA GIÁ MyTV,https://vnptpay.vn/web/khuyenmai/goicuocMyTV_052022
09/05/2022,VNPT tưng bừng ưu đãi chào đón SEA Games 31,https://vnptpay.vn/web/khuyenmai/vnpt_seagames31
06/05/2022 - 31/07/2022,Tặng tới 4 tháng ưu đãi hoá đơn VNPT,https://vnptpay.vn/web/khuyenmai/HD_052022
06/05/2022 - 31/08/2022,Mở Mobile Money - Nhận quà như ý,https://vnptpay.vn/web/khuyenmai/mm_052022
25/04/2022,VI VU KHẮP CHỐN - MỪNG HỘI RỘN RÀNG VỚI VNPT MONEY,https://vnptpay.vn/web/khuyenmai/munglehoiT4
31/03/2022,THÔNG BÁO ĐIỀU CHỈNH BIỂU PHÍ DỊCH VỤ MOBILE MONEY DÀNH CHO KHÁCH HÀNG CÁ NHÂN,https://vnptpay.vn/web/khuyenmai/updatebieuphiMM
01/04/2022 - 30/06/2022,Tặng 30.000đ thanh toán hoá đơn VNPT ,https://vnptpay.vn/web/khuyenmai/HD_042022
10/03/2022,"Hệ sinh thái tài chính số VNPT Money: Đơn giản, an toàn, tiện lợi",https://vnptpay.vn/web/khuyenmai/hesinhthai_vnptmoney
10/03/2022 - 09/06/2022,Vài lời giới thiệu - Tiền triệu về tay,https://vnptpay.vn/web/khuyenmai/gioithieu_vietlott
10/03/2022,CÓ VNPT MONEY - DÙNG LÀ ƯU ĐÃI,https://vnptpay.vn/web/khuyenmai/uudaiT3
08/03/2022,"COMBO ƯU ĐÃI ""PHỤ NỮ LÀ ĐỂ YÊU THƯƠNG""",https://vnptpay.vn/web/khuyenmai/combo8_3
08/03/2022 - 30/04/2022,"Bay cùng Vietjet, thêm ưu đãi 50%",https://vnptpay.vn/web/khuyenmai/Vietjet_032022
11/03/2022 - 11/04/2022,Mở Mobile Money - Nhận quà như ý,https://vnptpay.vn/web/khuyenmai/mm_032022
05/03/2022 - 30/04/2022,Chào xuân mới - Nhận ưu đãi tới 50% từ bảo hiểm VietinBank,https://vnptpay.vn/web/khuyenmai/VBI_032022
08/03/2022 - 30/04/2022,Ưu đãi tới 10% nạp tiền di động VinaPhone,https://vnptpay.vn/web/khuyenmai/Topup_032022
08/03/2022 - 31/03/2022,Ưu đãi tới 50% hóa đơn VNPT,https://vnptpay.vn/web/khuyenmai/HD_032022
20/01/2022 - 28/02/2022,30 NGÀY XEM PHIM MIỄN PHÍ VỚI HBO GO,https://vnptpay.vn/web/khuyenmai/mytv2_012022
10/02/2022 - 28/02/2022,Ưu đãi tới 50% hóa đơn VNPT,https://vnptpay.vn/web/khuyenmai/HD_022022
21/01/2022,VNPT Pay ra mắt tính năng mới: Mở tài khoản Vietinbank ngay trên ví điện tử,https://vnptpay.vn/web/khuyenmai/vietinbank_motk
14/01/2022 - 28/02/2022,Ưu đãi gói cước VinaPhone và DigiLife trên VNPT Pay,https://vnptpay.vn/web/khuyenmai/VNP_Digi_012022
05/01/2022 - 31/01/2022,"Chào 2022, Truyền hình MyTV tung đợt khuyến mãi mới hấp dẫn",https://vnptpay.vn/web/khuyenmai/mytv_012022
10/01/2022,SIÊU TO KHỔNG LỒ NẠP TIỀN DI ĐỘNG VINAPHONE,https://vnptpay.vn/web/khuyenmai/topupNV_012022
07/01/2022 - 30/01/2022,Ưu đãi tới 50% hóa đơn VNPT,https://vnptpay.vn/web/khuyenmai/HD_012022
07/01/2022 - 31/01/2022,Ưu đãi tới 10% nạp tiền di động VinaPhone,https://vnptpay.vn/web/khuyenmai/topup_012022
08/01/2022 - 07/02/2022,Đặt Loship trên ứng dụng VNPT Pay giảm 10.000đ,https://vnptpay.vn/web/khuyenmai/Loship_012022
15/12/2021 - 14/02/2022,"QUÀ TẶNG VÔ HẠN, RỦ BẠN CHƠI MAX 3D NGAY!",https://vnptpay.vn/web/khuyenmai/Vietlott_122021
16/12/2021 - 28/02/2022,Mở Mobile Money - Nhận 100K tức thì,https://vnptpay.vn/web/khuyenmai/mm_122021
08/12/2021 - 31/12/2021,Ưu đãi tới 50% hóa đơn VNPT,https://vnptpay.vn/web/khuyenmai/HD_122021
08/12/2021 - 28/12/2021,Thanh toán học phí tiết kiệm với VNPT Pay,https://vnptpay.vn/web/khuyenmai/hocphi_122021
08/12/2021 - 28/12/2021,Ưu đãi tới 10% nạp tiền di động VinaPhone,https://vnptpay.vn/web/khuyenmai/Topup_122021
01/12/2021 - 31/12/2021,VAY KHÔNG LÃI SUẤT - HOÀN TIỀN LÊN TỚI 200.000Đ,https://vnptpay.vn/web/khuyenmai/SHBFC_122021
30/11/2021,GIỚI THIỆU TÍNH NĂNG CHO VAY TIÊU DÙNG TRÊN VNPT PAY,https://vnptpay.vn/web/khuyenmai/SHBFC
19/11/2021 - 30/11/2021,Ưu đãi 9K nạp di động VinaPhone,https://vnptpay.vn/web/khuyenmai/Topup9k_112021
24/11/2021,Hướng dẫn đăng ký VNPT Mobile Money qua ứng dụng VNPT Pay,https://vnptpay.vn/web/khuyenmai/hddk_mm
19/11/2021,"CÓ SIM VINAPHONE - NẠP, RÚT, THANH TOÁN, CHUYỂN TIỀN TOÀN QUỐC",https://vnptpay.vn/web/trogiup/mobilemoney_chinhsach
19/11/2021,VNPT được cấp phép cung cấp dịch vụ Mobile Money,https://vnptpay.vn/web/khuyenmai/mobilemoney
12/11/2021 - 31/12/2021,Ưu đãi gói cước VinaPhone và DigiLife trên VNPT Pay,https://vnptpay.vn/web/khuyenmai/VNP_Digi_112021
09/11/2021 - 30/11/2021,Ưu đãi 10% nạp tiền di động VinaPhone,https://vnptpay.vn/web/khuyenmai/Topup_112021
05/11/2021 - 31/12/2021,Ưu đãi 20% mua bảo hiểm Học sinh sinh viên,https://vnptpay.vn/web/khuyenmai/HSSV_112021
15/10/2021 - 30/11/2021,Ưu đãi tới 30% hóa đơn VNPT trong 2 tháng,https://vnptpay.vn/web/khuyenmai/HD_102021
08/10/2021 - 08/11/2021,CÙNG VNPT PAY CHUNG TAY ĐÁNH BAY ĐẠI DỊCH,https://vnptpay.vn/web/khuyenmai/Topup_102021
01/10/2021,LOSHIP ĐÃ CÓ MẶT TRÊN VNPT PAY,https://vnptpay.vn/web/khuyenmai/Loship
01/10/2021,QUÉT QR CODE – THANH TOÁN TIỀN ĐIỆN 1 CHẠM CÙNG VNPT MONEY,https://vnptpay.vn/web/khuyenmai/QuetQR_Dien
23/09/2021,GIỚI THIỆU TÍNH NĂNG THU PHÍ BẾN XE TRÊN VNPT PAY,https://vnptpay.vn/web/khuyenmai/Thuphibenxe
17/09/2021,GIỚI THIỆU TÍNH NĂNG MUA BẢO HIỂM HỌC SINH SINH VIÊN TRÊN VNPT PAY,https://vnptpay.vn/web/khuyenmai/BaohiemHSSV
13/09/2021,Xổ số tự chọn Vietlott Max 3D ra mắt trên VNPT Pay,https://vnptpay.vn/web/khuyenmai/VietlottMax3d
15/09/2021 - 31/10/2021,Ưu đãi gói cước VinaPhone và DigiLife trên VNPT Pay,https://vnptpay.vn/web/khuyenmai/hoan50VNPDL_092021
01/09/2021,VNPT PAY THAY ĐỔI NHẬN DIỆN THƯƠNG HIỆU,https://vnptpay.vn/web/khuyenmai/VNPTPay_Thaydoilogo
10/09/2021 - 30/09/2021,THANH TOÁN RẢNH TAY - HOÀN NGAY TỚI 20% HÓA ĐƠN VNPT,https://vnptpay.vn/web/khuyenmai/thanhtoanhoadonVNPT_T9
01/09/2021 - 30/09/2021,ƯU ĐÃI 20% NẠP TIỀN DI ĐỘNG VINAPHONE,https://vnptpay.vn/web/khuyenmai/topup20_T9
01/09/2021 - 30/11/2021,Thanh toán học phí tiết kiệm với VNPT Pay,https://vnptpay.vn/web/khuyenmai/hocphi30_092021
01/09/2021 - 31/12/2021,THANH TOÁN MYTV - NHẬN NGAY ƯU ĐÃI,https://vnptpay.vn/web/khuyenmai/MyTV2021
10/09/2021 - 31/10/2021,Giới thiệu ví VNPT Pay - Nhận voucher 50.000đ,https://vnptpay.vn/web/khuyenmai/moibandungvi_2021
22/07/2021 - 21/09/2021,Ưu đãi khách hàng mới mua Bảo hiếm sức khỏe trên VNPT Pay,https://vnptpay.vn/web/khuyenmai/VBICare
01/09/2021 - 30/09/2021,THANH TOÁN NGAY - ƯU ĐÃI LIỀN TAY 350K++ TRÊN VNPT PAY,https://vnptpay.vn/web/khuyenmai/Uudaithang9
30/07/2021 - 30/09/2021,"THANH TOÁN ĐIỆN, NƯỚC SIÊU TIỆN SIÊU NHANH",https://vnptpay.vn/web/khuyenmai/EvnWate20_082021
22/07/2021 - 30/09/2021,ƯU ĐÃI MUA BẢO HIỂM VIETINBANK TRÊN VNPT PAY,https://vnptpay.vn/web/khuyenmai/BaohiemVBI_10K
23/07/2021 - 31/08/2021,ƯU ĐÃI GÓI CƯỚC VINAPHONE VÀ DIGILIFE TRÊN VNPT PAY,https://vnptpay.vn/web/khuyenmai/hoan50VNPDL_23072021
23/07/2021 - 31/08/2021,THANH TOÁN RẢNH TAY - HOÀN NGAY TỚI 20% HÓA ĐƠN VNPT,https://vnptpay.vn/web/khuyenmai/thanhtoanhoadonVNPT_T7_T8
28/07/2021 - 31/08/2021,ƯU ĐÃI 20% NẠP TIỀN DI ĐỘNG VINAPHONE,https://vnptpay.vn/web/khuyenmai/topup20_22072021
21/06/2021,HỌC ONLINE - NGẠI GÌ CORONA VỚI VNPT PAY,https://vnptpay.vn/web/khuyenmai/KhoahocUnica
30/06/2021 - 30/09/2021,"HOÀN TIỀN 30% MUA BẢO HIỂM Ô TÔ, XE MÁY TRÊN VNPT PAY",https://vnptpay.vn/web/khuyenmai/PTI50K
02/07/2021 - 31/12/2021,CHƯƠNG TRÌNH KHUYẾN KHÍCH NHÂN VIÊN TTKD MỜI MUA GÓI CƯỚC QUA VNPT PAY 2021,https://vnptpay.vn/web/khuyenmai/KKgoicuoc_2021
14/06/2021,GIỚI THIỆU TÍNH NĂNG MUA BẢO HIỂM Ô TÔ PTI VỚI VNPT PAY,https://vnptpay.vn/web/khuyenmai/BHotoPTI
16/06/2021,LIÊN KẾT NGÂN HÀNG VPBANK - THANH TOÁN HẾT Ý,http://vnptpay.vn/web/khuyenmai/lienketVPBank
10/06/2021,VNPT PAY: THÊM TÍNH NĂNG MỚI TIẾP SỨC HÀNH TRÌNH QUỸ VẮC-XIN COVID-19,https://vnptpay.vn/web/khuyenmai/UnghoVacxin
12/05/2021 - 09/08/2021,MIỄN PHÍ 30 NGÀY GÓI CƯỚC HBO GO TRÊN MYTV,https://vnptpay.vn/web/khuyenmai/free30ngayHBOGO
07/06/2021,LIÊN KẾT NGÂN HÀNG IVB - THANH TOÁN DỄ DÀNG,https://vnptpay.vn/web/khuyenmai/lienketIVB
01/06/2021 - 30/06/2021,XÀI VINA NHẬN ƯU ĐÃI TỚI 250K TRÊN VNPT PAY,https://vnptpay.vn/web/khuyenmai/Vina250k
12/05/2021,GIỚI THIỆU TÍNH NĂNG MUA BẢO HIỂM XE MÁY PTI VỚI VNPT PAY,https://vnptpay.vn/web/khuyenmai/BaohiemPTI
21/05/2021 - 30/06/2021,HOÀN 50% GÓI CƯỚC VINAPHONE VÀ DIGILIFE,https://vnptpay.vn/web/khuyenmai/hoan50_goicuocVNPDL
01/04/2021 - 31/05/2021,"ĐÓN HÈ SANG, NGẬP TRÀN QUÀ TẶNG 600K++ TRÊN VNPT PAY",https://vnptpay.vn/web/khuyenmai/chaohe2021
07/04/2021 - 01/06/2021,MUA BẢO HIỂM TNDS XE MÁY LÀ CHỌN VBI,https://vnptpay.vn/web/khuyenmai/VBI042021
02/02/2021 - 28/02/2021,DANH SÁCH KHÁCH HÀNG TRÚNG GIẢI CHƯƠNG TRÌNH QUÉT LOGO - LÁI Ô TÔ VỀ NHÀ CÙNG VNPT PAY,https://vnptpay.vn/web/khuyenmai/Ketqua_QuetLogoLaiotovenha
16/04/2021 - 31/05/2021,"VNPT PAY HOÀN TỚI 20% HÓA ĐƠN ĐIỆN, NƯỚC",https://vnptpay.vn/web/khuyenmai/EvnWater20_04_052021
09/04/2021 - 31/05/2021,ƯU ĐÃI 50% NẠP TIỀN DI ĐỘNG TRẢ TRƯỚC VÀ THANH TOÁN HÓA ĐƠN DI ĐỘNG TRẢ SAU VINAPHONE,https://vnptpay.vn/web/khuyenmai/TopupHD50_04_052021
06/04/2021,LIÊN KẾT TRỰC TIẾP NGÂN HÀNG AGRIBANK TRÊN ỨNG DỤNG VNPT PAY,https://vnptpay.vn/web/khuyenmai/lienketAgribank
09/04/2021 - 31/05/2021,THANH TOÁN HỌC PHÍ TIẾT KIỆM VỚI VNPT PAY,https://vnptpay.vn/web/khuyenmai/hocphi20_042021
26/03/2021 - 30/04/2021,MUA GÓI CƯỚC VINAPHONE NHẬN QUÀ THẢ GA,https://vnptpay.vn/web/khuyenmai/muagoicuocVNP
19/03/2021 - 30/06/2021,Mở ví VNPT Pay nhận quà ngay,https://vnptpay.vn/web/khuyenmai/vimoi_32021
17/03/2021,Mua Bảo hiểm VBI - Nhận quà ngay,https://vnptpay.vn/web/khuyenmai/muabaohiemVBInhanquangay
26/02/2021,THÊM GÓI CƯỚC RẺ VÔ CỰC TRÊN TÍNH NĂNG 'GÓI CƯỚC VINAPHONE',https://vnptpay.vn/web/khuyenmai/goi-cuoc-vinaphone-re-vo-cuc
26/02/2021,MUA SẮM TRỰC TUYẾN NGAY TRÊN ỨNG DỤNG VNPT PAY,https://vnptpay.vn/web/khuyenmai/mua-sam-truc-tuyen
26/02/2021,LIÊN KẾT NGÂN HÀNG HDBANK - NHẬN NGÀN ƯU ĐÃI,https://vnptpay.vn/web/khuyenmai/lienketviHDBank
23/02/2021 - 31/03/2021,THỔI BAY HÓA ĐƠN ĐIỆN GIẢM TỚI 20%,https://vnptpay.vn/web/khuyenmai/evn20_022021
26/02/2021,GIỚI THIỆU TÍNH NĂNG MUA BẢO HIỂM VIETINBANK VỚI VNPTPAY,https://vnptpay.vn/web/khuyenmai/muabaohiemVietinbank
26/02/2021,NĂM MỚI GẶP MAY CÙNG VNPT PAY,https://vnptpay.vn/web/khuyenmai/ctkmthang2_3_2021
05/02/2021 - 31/03/2021,THANH TOÁN HỌC PHÍ TIẾT KIỆM VỚI VNPT PAY,https://vnptpay.vn/web/khuyenmai/hocphi20_012021
05/02/2021 - 31/03/2021,ƯU ĐÃI 50% NẠP TIỀN DI ĐỘNG VINAPHONE,https://vnptpay.vn/web/khuyenmai/topup50_022021
07/04/2021 - 30/04/2021,MỞ TÀI KHOẢN NGAY - HOÀN 50% GIÁ TRỊ GIAO DỊCH VIETLOTT VINAPHONE,https://vnptpay.vn/web/khuyenmai/KMVietlott50
02/02/2021 - 28/02/2021,GIỚI THIỆU CHƯƠNG TRÌNH “QUÉT LOGO LÁI Ô TÔ VỀ NHÀ CÙNG VNPT PAY”,https://vnptpay.vn/web/khuyenmai/quetlogo_laiotovenha
05/02/2021 - 31/03/2021,THANH TOÁN RẢNH TAY- HOÀN NGAY TỚI 50% HÓA ĐƠN VNPT,https://vnptpay.vn/web/khuyenmai/50hdvnpt_022021
26/02/2021,GIỚI THIỆU TÍNH NĂNG NẠP TIỀN TÀI KHOẢN VETC VỚI VNPT PAY,https://vnptpay.vn/web/khuyenmai/naptientaikhoanvetc
03/02/2021,GIỚI THIỆU TÍNH NĂNG QR LÌ XÌ TRÊN ỨNG DỤNG VNPT PAY,https://vnptpay.vn/web/khuyenmai/qrlixi_2021
20/07/2021 - 31/12/2021,KHUYẾN KHÍCH NHÂN VIÊN PHÁT TRIỂN VÍ VNPT PAY 2021,https://vnptpay.vn/web/khuyenmai/gioithieuvi_2021
08/01/2021 – 31/01/2021,Thanh toán học phí tiết kiệm với VNPT Pay,https://vnptpay.vn/web/khuyenmai/hocphi20_012021
 08/01/2021 – 31/1/2021,ƯU ĐÃI 50% NẠP TIỀN DI ĐỘNG VINAPHONE,https://vnptpay.vn/web/khuyenmai/topup50_012021
04/12/2020,Mua gói Vina – nghe gọi thả ga – data thỏa thích cùng VNPT Pay,https://vnptpay.vn/web/khuyenmai/muagoivina
,VNPT PAY: BÙNG NỔ ƯU ĐÃI CUỐI NĂM 2020,https://vnptpay.vn/web/khuyenmai/ctkmthang12_2020
"
                                                04/12/2020 – 31/12/2020
                                            ",Mở ví ngay – Quà liền tay,https://vnptpay.vn/web/khuyenmai/QR50_122020
"
                                                04/12/2020 – 31/12/2020
                                            ",Thanh toán học phí tiết kiệm với VNPT Pay,https://vnptpay.vn/web/khuyenmai/hocphi20_122020
"
                                                04/12/2020 - 31/12/2020
                                            ",THỔI BAY HÓA ĐƠN ĐIỆN GIẢM TỚI 20%,https://vnptpay.vn/web/khuyenmai/evn20_122020
"
                                                01/12/2020 – 31/12/2020
                                            ",Thanh toán đơn hàng – Nhận ngàn ưu đãi,https://vnptpay.vn/web/khuyenmai/donhang_122020
"
                                                01/11/2020 – 30/11/2020
                                            ",ĐẠI TIỆC KHUYẾN MẠI THÁNG 11 CÙNG VNPT PAY,https://vnptpay.vn/web/khuyenmai/ctkmthang11_2020
"
                                                13/11/2020 – 27/12/2020
                                            ",ƯU ĐÃI 50% NẠP TIỀN DI ĐỘNG VINAPHONE,https://vnptpay.vn/web/khuyenmai/topup50_112020
"
                                                06/11/2020 – 27/12/2020
                                            ",THANH TOÁN RẢNH TAY- HOÀN NGAY TỚI 50% HÓA ĐƠN VNPT,https://vnptpay.vn/web/khuyenmai/50hdvnpt_112020
"
                                                01/11/2020 – 30/11/2020
                                            ",THỔI BAY HÓA ĐƠN ĐIỆN GIẢM TỚI 20%,https://vnptpay.vn/web/khuyenmai/evn20_112020
"
                                                01/11/2020 – 30/11/2020
                                            ",Thanh toán học phí tiết kiệm với VNPT Pay,https://vnptpay.vn/web/khuyenmai/hocphi20_112020
"
                                                01/11/2020 – 30/11/2020
                                            ",Thanh toán đơn hàng – Nhận ngàn ưu đãi,https://vnptpay.vn/web/khuyenmai/donhang_112020
"
                                                20/10/2020
                                            ",SIÊU TO KHỔNG LỒ 50% NẠP TIỀN DI ĐỘNG VINAPHONE,https://vnptpay.vn/web/khuyenmai/topup50_20102020
"
                                                Từ 05/10/2020 đến 31/10/2020
                                            ",THỔI BAY HÓA ĐƠN ĐIỆN GIẢM TỚI 20%,https://vnptpay.vn/web/khuyenmai/evn20_102020
"
                                                Từ 01/10/2020 – 31/10/2020
                                            ",THANH TOÁN HỌC PHÍ TIẾT KIỆM VỚI VNPT PAY,https://vnptpay.vn/web/khuyenmai/hocphi20_102020
"
                                                Từ 01/10/2020 – 31/10/2020
                                            ",Thanh toán đơn hàng – Nhận ngàn ưu đãi,https://vnptpay.vn/web/khuyenmai/donhang_102020
"
                                                Từ 01/10/2020 – 31/10/2020
                                            ",THANH TOÁN RẢNH TAY - GIẢM NGAY TỚI 20% HÓA ĐƠN VNPT,https://vnptpay.vn/web/khuyenmai/20hdvnpt_102020
"
                                                Từ 01/10/2020 – 31/10/2020
                                            ",ƯU ĐÃI 10% NẠP TIỀN DI ĐỘNG VINAPHONE,https://vnptpay.vn/web/khuyenmai/topup10_102020
"
                                                01/9/2020 – 30/9/2020
                                            ",THANH TOÁN ĐƠN HÀNG - NHẬN NGÀN ƯU ĐÃI,https://vnptpay.vn/web/khuyenmai/donhang_01092020
"
                                                01/9/2020 – 30/9/2020
                                            ",THANH TOÁN RẢNH TAY - GIẢM NGAY TỚI 20% HÓA ĐƠN VNPT,https://vnptpay.vn/web/khuyenmai/20hdvnpt_01092020
"
                                                28/8/2020 – 30/9/2020
                                            ",THANH TOÁN HỌC PHÍ TIẾT KIỆM VỚI VNPT PAY,https://vnptpay.vn/web/khuyenmai/hocphi20_28082020
"
                                                Từ 17/7/2020 đến 17/8/2020
                                            ",Thổi bay hoá đơn Điện giảm tới 20%,https://vnptpay.vn/web/khuyenmai/evn20_17072020
"
                                                10/07/2020 – 16/07/2020
                                            ",MỞ VÍ DỄ DÀNG – NHẬN NGÀN ƯU ĐÃI,https://vnptpay.vn/web/khuyenmai/topup50_10072020
"
                                                10/07/2020 – 31/07/2020
                                            ",ƯU ĐÃI 10% NẠP TIỀN DI ĐỘNG TRẢ TRƯỚC VINAPHONE,https://vnptpay.vn/web/khuyenmai/topup10_10072020
"
                                                01/07/2020 – 31/07/2020
                                            ",THANH TOÁN RẢNH TAY GIẢM NGAY TỚI 20% HOÁ ĐƠN VNPT,https://vnptpay.vn/web/khuyenmai/20hdvnpt_01072020
"
                                                20/06 – 20/07/2020
                                            ",Thanh toán dài hạn – Hoàn tiền liền tay,https://vnptpay.vn/web/khuyenmai/donhang_26032020
,Thông báo: Người dùng ví điện tử cần xác thực tài khoản theo Thông tư 23,https://vnptpay.vn/web/khuyenmai/dinhdanhol
,Thông báo dừng cung cấp thẻ ngân hàng trả trước trên VNPT Pay,https://vnptpay.vn/web/khuyenmai/thongbao
